{
  "FEOVB": {
    "Whole Body": 0.3608,
    "Lens of Eye": 0.3608,
    "Red Marrow": 0.38776,
    "Ovary": 0.63344,
    "Testes": 0.20872,
    "LLI Wall": 1.0688,
    "Small Intestine": 2.6344,
    "ULI Wall": 2.9896,
    "Pancreas": 0.428,
    "Adrenal": 0.3952,
    "Lung": 0.9032,
    "Spleen": 0.5136,
    "Brain": 0.3944,
    "Heart": 0.548,
    "Urinary Bladder": 0.44,
    "Kidney": 0.604,
    "Liver": 1.3616,
    "Gallbladder": 2.9304
  },
  "DTBZ": {
    "Whole Body": 0.115314999,
    "Lens of Eye": 0.226849178,
    "Red Marrow": 0.127658263,
    "Ovary": 0.160128831,
    "Testes": 0.333490531,
    "LLI Wall": 0.11942942,
    "Small Intestine": 0.378860367,
    "ULI Wall": 0.144115948,
    "Pancreas": 0.411886938,
    "Adrenal": 0.135887105,
    "Lung": 0.308804003,
    "Spleen": 0.263545368,
    "Brain": 0.148230369,
    "Heart": 0.267659789,
    "Urinary Bladder": 0.395318052,
    "Kidney": 0.494175365,
    "Liver": 0.341830574,
    "Gallbladder": 0.453031152
  },
  "PE2I": {
    "Whole Body": 0.12765,
    "Lens of Eye": 0.10545,
    "Red Marrow": 0.2835,
    "Ovary": 0.327,
    "Testes": 0.1332,
    "LLI Wall": 0.2325,
    "Small Intestine": 0.177,
    "ULI Wall": 0.2385,
    "Pancreas": 0.2115,
    "Adrenal": 0.189,
    "Lung": 0.13875,
    "Spleen": 0.177,
    "Brain": 0.11655,
    "Heart": 0.156,
    "Urinary Bladder": 0.999,
    "Kidney": 0.888,
    "Liver": 0.4665,
    "Gallbladder": 0.2055
  },
  "FMZ": {
    "Whole Body": 0.073307508,
    "Lens of Eye": 0.073307508,
    "Red Marrow": 0.066232252,
    "Ovary": 0.090471553,
    "Testes": 0.051164579,
    "LLI Wall": 0.150938782,
    "Small Intestine": 0.225425499,
    "ULI Wall": 0.189001036,
    "Pancreas": 0.080317251,
    "Adrenal": 0.090012972,
    "Lung": 0.106980482,
    "Spleen": 0.068132089,
    "Brain": 0.180484525,
    "Heart": 0.093878158,
    "Urinary Bladder": 1.533430588,
    "Kidney": 1.1136321,
    "Liver": 0.351797422,
    "Gallbladder": 0.395493675
  },
  "ASEM": {
    "Whole Body": 0.1272,
    "Lens of Eye": 0.1272,
    "Red Marrow": 0.0824,
    "Ovary": 0.132,
    "Testes": 0.5032,
    "LLI Wall": 0.676,
    "Small Intestine": 0.1328,
    "ULI Wall": 0.6968,
    "Pancreas": 0.264,
    "Adrenal": 0.1768,
    "Lung": 1.056,
    "Spleen": 0.6704,
    "Brain": 0.848,
    "Heart": 0.2368,
    "Urinary Bladder": 1.568,
    "Kidney": 1.24,
    "Liver": 0.976,
    "Gallbladder": 0.3024
  },
  "AV1451": {
    "Whole Body": 0.4400,
    "Lens of Eye": 0.4400,
    "Red Marrow": 0.3740,
    "Ovary": 0.7660,
    "Testes": 0.2570,
    "LLI Wall": 1.2880,
    "Small Intestine": 3.1270,
    "ULI Wall": 3.5340,
    "Pancreas": 0.5330,
    "Adrenal": 0.5250,
    "Lung": 1.2540,
    "Spleen": 0.3770,
    "Brain": 0.3120,
    "Heart": 1.099,
    "Urinary Bladder": 1.391,
    "Kidney": 1.476,
    "Liver": 2.116,
    "Gallbladder": 1.406
  }
}
